{
  "Total" : {
    "transaction" : "Total",
    "sampleCount" : 12149874,
    "errorCount" : 665,
    "errorPct" : 0.005473308,
    "meanResTime" : 58.74808742872664,
    "medianResTime" : 42.0,
    "minResTime" : 32.0,
    "maxResTime" : 21062.0,
    "pct1ResTime" : 47.0,
    "pct2ResTime" : 50.0,
    "pct3ResTime" : 304.9900000000016,
    "throughput" : 3357.353814048751,
    "receivedKBytesPerSec" : 2353.7440284054937,
    "sentKBytesPerSec" : 3124.3975225792155
  },
  "HTTP Request" : {
    "transaction" : "HTTP Request",
    "sampleCount" : 12149874,
    "errorCount" : 665,
    "errorPct" : 0.005473308,
    "meanResTime" : 58.74808742872664,
    "medianResTime" : 42.0,
    "minResTime" : 32.0,
    "maxResTime" : 21062.0,
    "pct1ResTime" : 47.0,
    "pct2ResTime" : 50.0,
    "pct3ResTime" : 304.9900000000016,
    "throughput" : 3357.353814048751,
    "receivedKBytesPerSec" : 2353.7440284054937,
    "sentKBytesPerSec" : 3124.3975225792155
  }
}